{
  "capital": 988.73,
  "position": {
    "side": "buy",
    "entry": 4058.02,
    "sl": 4048.8430000000003,
    "tp": 4071.7854999999995,
    "rr": 1.5,
    "opened_ts": "2026-07-21 17:40:00"
  },
  "wins": 6,
  "losses": 10
}