{
  "capital": 989.56,
  "position": {
    "side": "buy",
    "entry": 4055.06,
    "sl": 4053.3511000000003,
    "tp": 4057.6233499999994,
    "rr": 1.5,
    "opened_ts": "2026-07-21 09:35:00"
  },
  "wins": 2,
  "losses": 4
}